{"cameraMode":{"drawMode":0,"name":"Shaded","section":"Shading Mode"},"sceneLighting":false,"audioPlay":false,"sceneViewState":{"m_AlwaysRefresh":false,"showFog":true,"showSkybox":false,"showFlares":true,"showImageEffects":true,"showParticleSystems":true,"showVisualEffectGraphs":true,"m_FxEnabled":true},"in2DMode":false,"pivot":{"x":-0.00042416807264089584,"y":-0.0249487217515707,"z":-0.0004788525402545929},"rotation":{"x":0.22590529918670655,"y":0.12525337934494019,"z":-0.029308585450053216,"w":0.9656450152397156},"size":0.05932631716132164,"orthographic":false}