{"cameraMode":{"drawMode":0,"name":"Shaded","section":"Shading Mode"},"sceneLighting":false,"audioPlay":false,"sceneViewState":{"m_AlwaysRefresh":false,"showFog":true,"showSkybox":false,"showFlares":true,"showImageEffects":true,"showParticleSystems":true,"showVisualEffectGraphs":true,"m_FxEnabled":true},"in2DMode":false,"pivot":{"x":836.9378051757813,"y":409.12628173828127,"z":-12.07729434967041},"rotation":{"x":0.06593899428844452,"y":-0.022457730025053026,"z":0.0014670753153041006,"w":0.997613787651062},"size":296.8302001953125,"orthographic":true}