{"cameraMode":{"drawMode":0,"name":"Shaded","section":"Shading Mode"},"sceneLighting":false,"audioPlay":false,"sceneViewState":{"m_AlwaysRefresh":false,"showFog":true,"showSkybox":false,"showFlares":true,"showImageEffects":true,"showParticleSystems":true,"showVisualEffectGraphs":true,"m_FxEnabled":true},"in2DMode":false,"pivot":{"x":0.004983009770512581,"y":0.11938674747943878,"z":-0.0013710781931877137},"rotation":{"x":0.0781363919377327,"y":0.04932178556919098,"z":-0.0038821117486804725,"w":0.9957494735717773},"size":0.08875362575054169,"orthographic":false}